"regular_price","id","sku","name","breadcrumb","images","attribute_0_value","attribute_0_name","attribute_1_value","attribute_1_name"
"2.980.000đ","pi3m","Olympia","Đệm bông ép Olympia Gold (lõi bông tinh khiết)","Trang chủ
         
        
      >
        
          Đệm giá rẻ","https://demxanh.com/media/product/8697_olympia_gold_5.png,https://demxanh.com/media/product/8697_dem_bong_ep_olympia_gold_2.jpg,https://demxanh.com/media/product/8697_dem_bong_ep_olympia_gold_2023__1_.jpg,https://demxanh.com/media/product/8697_dem_bong_ep_olympia_gold__2_.jpg,https://demxanh.com/media/product/8697_dem_bong_ep_olympia_gold__20_.jpg,https://demxanh.com/media/product/8697_dem_bong_ep_olympia_gold__19_.jpg,https://demxanh.com/media/product/8697_dem_bong_ep_olympia_gold__18_.jpg,https://demxanh.com/media/product/8697_dem_bong_ep_olympia_gold__15_.jpg,https://demxanh.com/media/product/8697_dem_bong_ep_olympia_gold__14_.jpg,https://demxanh.com/media/product/8697_dem_bong_ep_olympia_gold__13_.jpg,https://demxanh.com/media/product/8697_dem_bong_ep_olympia_gold__12_.jpg,https://demxanh.com/media/product/8697_dem_bong_ep_olympia_gold__11_.jpg,https://demxanh.com/media/product/8697_dem_bong_ep_olympia_gold__10_.jpg,https://demxanh.com/media/product/8697_dem_bong_ep_olympia_gold__9_.jpg,https://demxanh.com/media/product/8697_dem_bong_ep_olympia_gold__7_.jpg,https://demxanh.com/media/product/8697_dem_bong_ep_olympia_gold__6_.jpg,https://demxanh.com/media/product/8697_dem_bong_ep_olympia_gold__5_.jpg,https://demxanh.com/media/product/8697_dem_bong_ep_olympia_gold__2_.jpg,https://demxanh.com/media/product/8697_olympia_gold_5.png","200x220 cm","Kích thước","18cm","Độ dày"
"3.050.000đ","zuad8","ViệtNam","Đệm bông ép Hàn Quốc NanoMax","Trang chủ
         
        
      >
        
          Đệm bông ép
        
        
      >
        
          Đệm bông ép QueenSweet","https://demxanh.com/media/product/2994_dem_bong_ep_nanomax__3_.jpg,https://demxanh.com/media/product/2994_dem_bong_ep_nanomax__13_.jpg,https://demxanh.com/media/product/2994_dem_bong_ep_nanomax__18_.jpg,https://demxanh.com/media/product/2994_dem_bong_ep_nanomax__1_.jpg,https://demxanh.com/media/product/2994_dem_bong_ep_nanomax__7_.jpg,https://demxanh.com/media/product/2994_dem_bong_ep_nanomax__19_.jpg,https://demxanh.com/media/product/2994_dem_bong_ep_nanomax__4_.jpg,https://demxanh.com/media/product/2994_nanomax.jpg,https://demxanh.com/media/product/2994_nanomax.jpg","200x220 cm","Kích thước","18 cm","Độ dày"
"2.980.000đ","bidfe","Olympia","Đệm bông ép Olympia Big Gold (lõi bông tinh khiết)","Trang chủ
         
        
      >
        
          Đệm giá rẻ","https://demxanh.com/media/product/8963_dem_bong_ep_big_gold.jpg","200x220","Kích thước","18cm","Độ dày"
"1.420.000đ","zndh","HànQuốc","Đệm tốt KOREA dùng cho sinh viên","Trang chủ
         
        
      >
        
          Đệm giá rẻ
        
        
      >
        
          Đệm giá rẻ Korea","https://demxanh.com/media/product/1798_dem_tot_korea_dung_cho_sinh_vien__3_.jpg,https://demxanh.com/media/product/1798_dem_tot_korea_dung_cho_sinh_vien__2_.jpg,https://demxanh.com/media/product/1798_dem_tot_korea_dung_cho_sinh_vien__1_.jpg,https://demxanh.com/media/product/1798_dem_tot_korea_dung_cho_sinh_vien__1_.jpg","200x220","Kích thước","18cm","Độ dày"
"1.420.000đ","7fck","HànQuốc","Đệm mút KOREA giá rẻ","Trang chủ
         
        
      >
        
          Đệm giá rẻ
        
        
      >
        
          Đệm giá rẻ Korea","https://demxanh.com/media/product/1797_dem_mut_korea_gia_re__13_.jpg,https://demxanh.com/media/product/1797_dem_mut_korea_gia_re__12_.jpg,https://demxanh.com/media/product/1797_dem_mut_korea_gia_re__11_.jpg,https://demxanh.com/media/product/1797_dem_mut_korea_gia_re__10_.jpg,https://demxanh.com/media/product/1797_dem_mut_korea_gia_re__9_.jpg,https://demxanh.com/media/product/1797_dem_mut_korea_gia_re__8_.jpg,https://demxanh.com/media/product/1797_dem_mut_korea_gia_re__7_.jpg,https://demxanh.com/media/product/1797_dem_mut_korea_gia_re__6_.jpg,https://demxanh.com/media/product/1797_dem_mut_korea_gia_re__5_.jpg,https://demxanh.com/media/product/1797_dem_mut_korea_gia_re__4_.jpg,https://demxanh.com/media/product/1797_dem_mut_korea_gia_re__3_.jpg,https://demxanh.com/media/product/1797_dem_mut_korea_gia_re__2_.png,https://demxanh.com/media/product/1797_dem_mut_korea_gia_re__2_.jpg,https://demxanh.com/media/product/1797_dem_mut_korea_gia_re__1_.png,https://demxanh.com/media/product/1797_dem_mut_korea_gia_re__1_.jpg,https://demxanh.com/media/product/1797_dem_mut_korea_gia_re__8_.jpg","200x220","Kích thước","18cm","Độ dày"
"4.890.000đ","hbcr6","HànQuốc","Đệm mút mềm Korea Hàn Quốc","Trang chủ
         
        
      >
        
          Đệm giá rẻ
        
        
      >
        
          Đệm mút mềm Korea giá rẻ","https://demxanh.com/media/product/1795_dem_mut_mem_korea_han_quoc__3_.jpg,https://demxanh.com/media/product/1795_dem_mut_mem_korea_han_quoc__2_.jpg,https://demxanh.com/media/product/1795_dem_mut_mem_korea_han_quoc__1_.jpg,https://demxanh.com/media/product/1795_dem_mut_mem_korea_han_quoc__2_.jpg","200x220","Kích thước","18cm","Độ dày"
"4.890.000đ","awka","HànQuốc","Đệm mút mềm Korea Hàn Quốc giá rẻ","Trang chủ
         
        
      >
        
          Đệm giá rẻ
        
        
      >
        
          Đệm mút mềm Korea giá rẻ","https://demxanh.com/media/product/1794_dem_mut_mem_korea_han_quoc_gia_re.jpg","200x220","Kích thước","18cm","Độ dày"
"3.450.000đ","cn6fe","QueenSweet","Đệm Bông ép Queensweet (đệm hàn quốc)","Trang chủ
         
        
      >
        
          Đệm bông ép
        
        
      >
        
          Đệm bông ép QueenSweet","https://demxanh.com/media/product/1274_dem_bong_ep_queensweet__20_.jpg,https://demxanh.com/media/product/1274_dem_bong_ep_queensweet__2_.jpg,https://demxanh.com/media/product/1274_dem_bong_ep_queensweet__1_.jpg,https://demxanh.com/media/product/1274_dem_bong_ep_queensweet__13_.jpg,https://demxanh.com/media/product/1274_dem_bong_ep_queensweet__15_.jpg,https://demxanh.com/media/product/1274_dem_bong_ep_queensweet__14_.jpg,https://demxanh.com/media/product/1274_dem_bong_ep_queensweet__3_.jpg,https://demxanh.com/media/product/1274_dem_bong_ep_queensweet__10_.jpg,https://demxanh.com/media/product/1274_dem_bong_ep_queensweet__19_.jpg,https://demxanh.com/media/product/1274_dem_bong_ep_queensweet__16_.jpg,https://demxanh.com/media/product/1274_dem_bong_ep_queensweet__9_.jpg,https://demxanh.com/media/product/1274_dem_queensweet.jpg,https://demxanh.com/media/product/1274_dem_queensweet.jpg","200x300 cm","Kích thước","23 cm","Độ dày"